calib,,,,,,,,
fx,fy,cx,cy,k1,k2,p1,p2,k3
199.0923665,198.8288205,132.1920714,110.71266,0.368436312,0.150947244,0.000296131,0.000759432,0
