calib,,groundtruth,,,,,,,,images,,imu,,,,,,
timestamp x,y polarity,timestamp ,px,py,pz,qx,qy,qz,qw,timestamp ,filename,timestamp ,ax  ,ay,az ,gx ,gy ,gz
199.0923665,198.8288205,0.021819287,0.021819287,4.461422921,1.551260059,1.417543982,0.520192138,0.496512308,0.504802134,0.028046,images/frame_00000000.png,0.015972,0.426313477,9.934541016,0.134121094,0.066046391,0.042610577,0.026631609
